[
	{
		"pic" : "images/(1).jpg",
		"tit" : "随风而逝",
		"inf" : "有的人你可能认识了一辈子却忽视了一辈子；有的人你也许只见了一面却影响了一生；有的人默默的守在你身边为你付出却被冷落；有的人无心的一个表情却成了你永恒的牵挂。我们常常是努力珍惜未得到的，而遗忘了已拥有的。不要向远方寻找幸福，它也许就在你的手中，你只要安然，握住。",
		"lrc" : "为你花上一张笑脸，祝你开开心心快乐每一天。为你送上一份祝愿，让你拥有更好的明天",
		"music" : "sourse/zf.ogg"
	},
	{
		"pic" : "images/(2).jpg",
		"tit" : "珍贵回忆",
		"inf" : "再好的东西也有失去的一天，再深的记忆也有淡忘的一天，再爱的人也有远走的一天，再美的梦也有惊醒的一天。该放弃的决不挽留，该珍惜的决不放手。如果不幸福，如果不快乐，就请放手吧；如果舍不得，如果放不下，就请珍惜吧。生活的历练，让我们有很多感悟，最重要的是，让心宁静、欢喜、平和！",
		"lrc" : "为你花上一张笑脸，祝你开开心心快乐每一天。为你送上一份祝愿，让你拥有更好的明天",
		"music" : "sourse/梦中的婚礼.ogg"
	},
	{
		"pic" : "images/(3).jpg",
		"tit" : "整齐划一",
		"inf" : "生命是一场纷纷扬扬的花事，怒放总是最美，却是如此短暂，就算再留恋枝头，亦会在岁月的催促中凋零枯萎。落花不言婉辞树，流水无情悄入池。这个世界上，我们什么都想抓住，可总也抓不住的，是时光。所有的拥有，终将失去，镜中的容颜，催人衰老。不如放下那些追逐，淡看流年烟火，细品静好人生。",
		"lrc" : "为你花上一张笑脸，祝你开开心心快乐每一天。为你送上一份祝愿，让你拥有更好的明天",
		"music" : "sourse/zf.ogg"
	},
	{
		"pic" : "images/(4).jpg",
		"tit" : "仰望未来",
		"inf" : "我总在尘世的喧嚣中，寻找着澄清心灵的净土。只有内心有所制约，行为上方能减少错失。内心浮躁的人易迷失，难有开阔胸襟，坦然心境，亦不会有真正的坚强。你对未来的自信，不在于夸夸其谈中，不胡乱疯狂追逐中，而是来自他内心的淡然与宁静。只有经常反省，勇于自责，你才会一路无惧。",
		"lrc" : "为你花上一张笑脸，祝你开开心心快乐每一天。为你送上一份祝愿，让你拥有更好的明天",
		"music" : "sourse/梦中的婚礼.ogg"
	},
	{
		"pic" : "images/(5).jpg",
		"tit" : "同在旅途",
		"inf" : "一念花开，一念花落。这山长水远的人世，终究是要自己走下去。人在旅途，要不断的自我救赎。不是你倦了，就会有温暖的巢穴；不是你渴了，就会有潺潺的山泉；不是你冷了，就会有红泥小火炉。每个人的内心，都有几处不为人知的暗伤，等待时光去将之复原。",
		"lrc" : "为你花上一张笑脸，祝你开开心心快乐每一天。为你送上一份祝愿，让你拥有更好的明天",
		"music" : "sourse/zf.ogg"
	}
]